{
  "properties": {
    "connectionReferences": {
      "shared_microsoftforms": {
        "runtimeSource": "embedded",
        "connection": {
          "connectionReferenceLogicalName": "ya_sharedmicrosoftforms_46c4e"
        },
        "api": {
          "name": "shared_microsoftforms"
        }
      },
      "shared_commondataserviceforapps": {
        "runtimeSource": "embedded",
        "connection": {
          "connectionReferenceLogicalName": "ya_sharedcommondataserviceforapps_2f56e"
        },
        "api": {
          "name": "shared_commondataserviceforapps"
        }
      }
    },
    "definition": {
      "$schema": "https://schema.management.azure.com/providers/Microsoft.Logic/schemas/2016-06-01/workflowdefinition.json#",
      "contentVersion": "1.0.0.0",
      "parameters": {
        "$connections": {
          "defaultValue": {},
          "type": "Object"
        },
        "$authentication": {
          "defaultValue": {},
          "type": "SecureObject"
        }
      },
      "triggers": {
        "新しい応答が送信されるとき": {
          "splitOn": "@triggerOutputs()?['body/value']",
          "metadata": {
            "operationMetadataId": "cd4d2bf0-8cc8-40d2-af57-cbf0a5874b3e"
          },
          "type": "OpenApiConnectionWebhook",
          "inputs": {
            "host": {
              "connectionName": "shared_microsoftforms",
              "operationId": "CreateFormWebhook",
              "apiId": "/providers/Microsoft.PowerApps/apis/shared_microsoftforms"
            },
            "parameters": {
              "form_id": "BgDEav62EkuVH0gltbsh1JecDtq5aP1Lkt_80gTbGaJUQUFHUDFUNTBPNjA3Q09LUkRQS1VHUEdOTS4u"
            },
            "authentication": "@parameters('$authentication')"
          }
        }
      },
      "actions": {
        "応答の詳細を取得する": {
          "runAfter": {},
          "metadata": {
            "operationMetadataId": "2cd51c04-2e7c-4829-93a3-48863f1d7647"
          },
          "type": "OpenApiConnection",
          "inputs": {
            "host": {
              "connectionName": "shared_microsoftforms",
              "operationId": "GetFormResponseById",
              "apiId": "/providers/Microsoft.PowerApps/apis/shared_microsoftforms"
            },
            "parameters": {
              "form_id": "BgDEav62EkuVH0gltbsh1JecDtq5aP1Lkt_80gTbGaJUQUFHUDFUNTBPNjA3Q09LUkRQS1VHUEdOTS4u",
              "response_id": "@triggerOutputs()?['body/resourceData/responseId']"
            },
            "authentication": "@parameters('$authentication')"
          }
        },
        "JSON_の解析": {
          "runAfter": {
            "応答の詳細を取得する": [
              "Succeeded"
            ]
          },
          "metadata": {
            "operationMetadataId": "db799e02-e123-4542-84cd-fa99f053c80e"
          },
          "type": "ParseJson",
          "inputs": {
            "content": "@body('応答の詳細を取得する')",
            "schema": {
              "type": "object",
              "properties": {
                "responder": {
                  "type": "string"
                },
                "submitDate": {
                  "type": "string"
                },
                "rb8881cdff1234922a3ee47ef076b98b6": {
                  "type": "string"
                },
                "r4e403a587fe54a9aa11af9b5f24c9541": {
                  "type": "string"
                },
                "ra81d93224cc64d61ab93bd9e75dbfcae": {
                  "type": "string"
                },
                "r92e76c01edc44bf6b057741bf6d7baee": {
                  "type": "string"
                },
                "rd26c1a0301654c0fb4c3aa592f47b240": {
                  "type": "string"
                },
                "r050278811b0344c3a1b4fdcb9a98bc38": {
                  "type": "string"
                },
                "re790a7d086af4f3db2e8d99f48ad9d8a": {
                  "type": "string"
                },
                "r7987e74935dd403a8ddc028cee3f34be": {
                  "type": "string"
                },
                "r17e852f6965143729e403c262cef07db": {
                  "type": "string"
                },
                "r7fae172612b445eda087f42d49b6fc74": {
                  "type": "string"
                },
                "r2871531cdd6d4dd9b6d2966de7674471": {
                  "type": "string"
                },
                "rd138079c6d5347278cecb235619218f9": {
                  "type": "string"
                },
                "recf790caa94449e79843d90ba7ecc145": {
                  "type": "string"
                },
                "r87e8ad77c100443b9ec91559f140199a": {
                  "type": "string"
                },
                "rc67bd9a3c6724a09ad5b36a0bf814bf8": {
                  "type": "string"
                },
                "r3843b51e8f9d4045a3913c77fa7e463f": {
                  "type": "string"
                }
              }
            }
          }
        },
        "新しい行を追加する": {
          "runAfter": {
            "JSON_の解析": [
              "Succeeded"
            ]
          },
          "metadata": {
            "operationMetadataId": "f0b6ce03-1d0f-4442-9f8b-eaf6b9a8eb3b"
          },
          "type": "OpenApiConnection",
          "inputs": {
            "host": {
              "connectionName": "shared_commondataserviceforapps",
              "operationId": "CreateRecord",
              "apiId": "/providers/Microsoft.PowerApps/apis/shared_commondataserviceforapps"
            },
            "parameters": {
              "entityName": "ya_seminarfeedbacks",
              "item/ya_id": "@triggerOutputs()?['body/resourceData/responseId']",
              "item/ya_name": "@outputs('応答の詳細を取得する')?['body/rb8881cdff1234922a3ee47ef076b98b6']",
              "item/ya_occupation": "@outputs('応答の詳細を取得する')?['body/r4e403a587fe54a9aa11af9b5f24c9541']",
              "item/ya_emailaddress": "@outputs('応答の詳細を取得する')?['body/rd26c1a0301654c0fb4c3aa592f47b240']",
              "item/ya_sex": "@outputs('応答の詳細を取得する')?['body/ra81d93224cc64d61ab93bd9e75dbfcae']",
              "item/ya_comment": "@outputs('応答の詳細を取得する')?['body/r3843b51e8f9d4045a3913c77fa7e463f']",
              "item/ya_attendingreason": "@outputs('応答の詳細を取得する')?['body/re790a7d086af4f3db2e8d99f48ad9d8a']",
              "item/ya_trouble": "@outputs('応答の詳細を取得する')?['body/rd138079c6d5347278cecb235619218f9']",
              "item/ya_changed": "@outputs('応答の詳細を取得する')?['body/r2871531cdd6d4dd9b6d2966de7674471']"
            },
            "authentication": "@parameters('$authentication')"
          }
        }
      }
    },
    "templateName": ""
  },
  "schemaVersion": "1.0.0.0"
}